{"cameraMode":{"drawMode":0,"name":"Shaded","section":"Shading Mode"},"sceneLighting":true,"audioPlay":false,"sceneViewState":{"m_AlwaysRefresh":false,"showFog":true,"showSkybox":true,"showFlares":true,"showImageEffects":true,"showParticleSystems":true,"showVisualEffectGraphs":true,"m_FxEnabled":true},"in2DMode":false,"pivot":{"x":98.4358139038086,"y":-2.568748950958252,"z":105.64942169189453},"rotation":{"x":-0.15074683725833894,"y":0.010566220618784428,"z":0.0008606520132161677,"w":-0.9890842437744141},"size":6.702528953552246,"orthographic":false}