{"cameraMode":{"drawMode":0,"name":"Shaded","section":"Shading Mode"},"sceneLighting":false,"audioPlay":false,"sceneViewState":{"m_AlwaysRefresh":false,"showFog":true,"showSkybox":false,"showFlares":true,"showImageEffects":true,"showParticleSystems":true,"showVisualEffectGraphs":true,"m_FxEnabled":true},"in2DMode":false,"pivot":{"x":-241.50892639160157,"y":-300.19146728515627,"z":697.9354248046875},"rotation":{"x":-0.18310591578483582,"y":0.03765716776251793,"z":-0.00730126490816474,"w":-0.9827569127082825},"size":152.09396362304688,"orthographic":false}