{"cameraMode":{"drawMode":0,"name":"Shaded","section":"Shading Mode"},"sceneLighting":false,"audioPlay":false,"sceneViewState":{"m_AlwaysRefresh":false,"showFog":true,"showSkybox":false,"showFlares":true,"showImageEffects":true,"showParticleSystems":true,"showVisualEffectGraphs":true,"m_FxEnabled":true},"in2DMode":false,"pivot":{"x":0.19172587990760804,"y":0.4539230465888977,"z":0.017712116241455079},"rotation":{"x":-0.0716119036078453,"y":0.03045184537768364,"z":0.0019787708297371866,"w":0.9971172213554382},"size":2.598076105117798,"orthographic":false}